,노래
0,  사랑은 늘 도망가    임영웅  
1,  코 끝이 찡하게    차가을  
2,  혼자 사랑하고 미워해    백예슬  
3,  비 오는 날 듣기 좋은 노래  Feat. Colde     에픽하이  EPIK HIGH   
4,  Your Lights    이수  엠씨더맥스   
5,  너와 나 우리  Feat. ZELO of B.A.P     이예준  
6,  별이 쏟아지는 밤    려욱  RYEOWOOK   
7,  헤픈 우연    헤이즈  Heize   
8,  Falling    Harry Styles  
9,  High    5 Seconds of Summer  
10,  If the World Was Ending  feat. Julia Michaels   Feat. Julia Michaels     JP Saxe  
11,  그냥 안아달란 말야    다비치  
12,  2 soon    keshi  
13,  r u ok    Tate McRae  
14,  cheap sunglasses    John K  
15,  Rain    태연  TAEYEON   
16,  어떻게 이별까지 사랑하겠어  널 사랑하는 거지    AKMU  악뮤   
17,  기다릴게    하동균  
18,  사랑하기 싫어    봉구  
19,  Gone    영지  
20,  To Die For  Acoustic     로제  ROSÉ   
21,  Rosario  Feat. CL  ZICO     Sam Smith  
22,  rainy day    에픽하이  EPIK HIGH   
23,  LMM    휘성  Realslow   
24,  사랑 못해  남들 쉽게 다 하는 거    태일  블락비   
25,  멜로디    청하  
26,  사랑한단 거짓말은 안 할래    화사  Hwa Sa   
27,  함께 했는데 이별은 나 혼자인 거야    먼데이 키즈  Monday Kiz   
28,  X  걸어온 길에 꽃밭 따윈 없었죠     ASH ISLAND  
29,  그리워하면 그댈 만날까봐    먼데이 키즈  Monday Kiz   
30,  오월의 어느 봄날  Feat. 첸 CHEN      최현준  V.O.S   
31,  혼술하고 싶은 밤    이소정  
32,  가을밤에 든 생각    청하  
33,  사실 나는  Feat.전건호     김나영  
34,  널 사랑했던 한 사람    임한별  
35,  안녕과 안녕으로    벤  
36,  Daybreak  Minhyun&JR     잔나비  
37,  사랑은 지날수록 더욱 선명하게 남아    경서예지  
38,  처음이라서    펀치  Punch   
39,  Purpose  Stripped     이예준  
40,  안녕  오늘의 그대에게    뉴이스트  
41,  Like Strangers Do    전상근  
42,  반만    정효빈  
43,  어떻게 지내  Prod. By VAN.C     Etham  
44,  AND I    임한별  
45,  아름답고도 아프구나    AJ Mitchell  
46,  Lonely Night    진민호  
47,  I’ll Still Have Me    오반  
48,  아무렇지 않게  안녕    뉴이스트 W  
49,  넌 내가 보고 싶지 않나 봐    비투비  
50,  사랑은 늘 도망가    임영웅  
51,  코 끝이 찡하게    차가을  
52,  혼자 사랑하고 미워해    백예슬  
53,  비 오는 날 듣기 좋은 노래  Feat. Colde     에픽하이  EPIK HIGH   
54,  Your Lights    이수  엠씨더맥스   
55,  너와 나 우리  Feat. ZELO of B.A.P     이예준  
56,  별이 쏟아지는 밤    려욱  RYEOWOOK   
57,  헤픈 우연    헤이즈  Heize   
58,  Falling    Harry Styles  
59,  High    5 Seconds of Summer  
60,  If the World Was Ending  feat. Julia Michaels   Feat. Julia Michaels     JP Saxe  
61,  그냥 안아달란 말야    다비치  
62,  2 soon    keshi  
63,  r u ok    Tate McRae  
64,  cheap sunglasses    John K  
65,  Rain    태연  TAEYEON   
66,  어떻게 이별까지 사랑하겠어  널 사랑하는 거지    AKMU  악뮤   
67,  기다릴게    하동균  
68,  사랑하기 싫어    봉구  
69,  Gone    영지  
70,  To Die For  Acoustic     로제  ROSÉ   
71,  Rosario  Feat. CL  ZICO     Sam Smith  
72,  rainy day    에픽하이  EPIK HIGH   
73,  LMM    휘성  Realslow   
74,  사랑 못해  남들 쉽게 다 하는 거    태일  블락비   
75,  멜로디    청하  
76,  사랑한단 거짓말은 안 할래    화사  Hwa Sa   
77,  함께 했는데 이별은 나 혼자인 거야    먼데이 키즈  Monday Kiz   
78,  X  걸어온 길에 꽃밭 따윈 없었죠     ASH ISLAND  
79,  그리워하면 그댈 만날까봐    먼데이 키즈  Monday Kiz   
80,  오월의 어느 봄날  Feat. 첸 CHEN      최현준  V.O.S   
81,  혼술하고 싶은 밤    이소정  
82,  가을밤에 든 생각    청하  
83,  사실 나는  Feat.전건호     김나영  
84,  널 사랑했던 한 사람    임한별  
85,  안녕과 안녕으로    벤  
86,  Daybreak  Minhyun&JR     잔나비  
87,  사랑은 지날수록 더욱 선명하게 남아    경서예지  
88,  처음이라서    펀치  Punch   
89,  Purpose  Stripped     이예준  
90,  안녕  오늘의 그대에게    뉴이스트  
91,  Like Strangers Do    전상근  
92,  반만    정효빈  
93,  어떻게 지내  Prod. By VAN.C     Etham  
94,  AND I    임한별  
95,  아름답고도 아프구나    AJ Mitchell  
96,  Lonely Night    진민호  
97,  I’ll Still Have Me    오반  
98,  아무렇지 않게  안녕    뉴이스트 W  
99,  넌 내가 보고 싶지 않나 봐    비투비  
100,  사랑은 늘 도망가    임영웅  
101,  코 끝이 찡하게    차가을  
102,  혼자 사랑하고 미워해    백예슬  
103,  비 오는 날 듣기 좋은 노래  Feat. Colde     에픽하이  EPIK HIGH   
104,  Your Lights    이수  엠씨더맥스   
105,  너와 나 우리  Feat. ZELO of B.A.P     이예준  
106,  별이 쏟아지는 밤    려욱  RYEOWOOK   
107,  헤픈 우연    헤이즈  Heize   
108,  Falling    Harry Styles  
109,  High    5 Seconds of Summer  
110,  If the World Was Ending  feat. Julia Michaels   Feat. Julia Michaels     JP Saxe  
111,  그냥 안아달란 말야    다비치  
112,  2 soon    keshi  
113,  r u ok    Tate McRae  
114,  cheap sunglasses    John K  
115,  Rain    태연  TAEYEON   
116,  어떻게 이별까지 사랑하겠어  널 사랑하는 거지    AKMU  악뮤   
117,  기다릴게    하동균  
118,  사랑하기 싫어    봉구  
119,  Gone    영지  
120,  To Die For  Acoustic     로제  ROSÉ   
121,  Rosario  Feat. CL  ZICO     Sam Smith  
122,  rainy day    에픽하이  EPIK HIGH   
123,  LMM    휘성  Realslow   
124,  사랑 못해  남들 쉽게 다 하는 거    태일  블락비   
125,  멜로디    청하  
126,  사랑한단 거짓말은 안 할래    화사  Hwa Sa   
127,  함께 했는데 이별은 나 혼자인 거야    먼데이 키즈  Monday Kiz   
128,  X  걸어온 길에 꽃밭 따윈 없었죠     ASH ISLAND  
129,  그리워하면 그댈 만날까봐    먼데이 키즈  Monday Kiz   
130,  오월의 어느 봄날  Feat. 첸 CHEN      최현준  V.O.S   
131,  혼술하고 싶은 밤    이소정  
132,  가을밤에 든 생각    청하  
133,  사실 나는  Feat.전건호     김나영  
134,  널 사랑했던 한 사람    임한별  
135,  안녕과 안녕으로    벤  
136,  Daybreak  Minhyun&JR     잔나비  
137,  사랑은 지날수록 더욱 선명하게 남아    경서예지  
138,  처음이라서    펀치  Punch   
139,  Purpose  Stripped     이예준  
140,  안녕  오늘의 그대에게    뉴이스트  
141,  Like Strangers Do    전상근  
142,  반만    정효빈  
143,  어떻게 지내  Prod. By VAN.C     Etham  
144,  AND I    임한별  
145,  아름답고도 아프구나    AJ Mitchell  
146,  Lonely Night    진민호  
147,  I’ll Still Have Me    오반  
148,  아무렇지 않게  안녕    뉴이스트 W  
149,  넌 내가 보고 싶지 않나 봐    비투비  
150,  사랑은 늘 도망가    임영웅  
151,  코 끝이 찡하게    차가을  
152,  혼자 사랑하고 미워해    백예슬  
153,  비 오는 날 듣기 좋은 노래  Feat. Colde     에픽하이  EPIK HIGH   
154,  Your Lights    이수  엠씨더맥스   
155,  너와 나 우리  Feat. ZELO of B.A.P     이예준  
156,  별이 쏟아지는 밤    려욱  RYEOWOOK   
157,  헤픈 우연    헤이즈  Heize   
158,  Falling    Harry Styles  
159,  High    5 Seconds of Summer  
160,  If the World Was Ending  feat. Julia Michaels   Feat. Julia Michaels     JP Saxe  
161,  그냥 안아달란 말야    다비치  
162,  2 soon    keshi  
163,  r u ok    Tate McRae  
164,  cheap sunglasses    John K  
165,  Rain    태연  TAEYEON   
166,  어떻게 이별까지 사랑하겠어  널 사랑하는 거지    AKMU  악뮤   
167,  기다릴게    하동균  
168,  사랑하기 싫어    봉구  
169,  Gone    영지  
170,  To Die For  Acoustic     로제  ROSÉ   
171,  Rosario  Feat. CL  ZICO     Sam Smith  
172,  rainy day    에픽하이  EPIK HIGH   
173,  LMM    휘성  Realslow   
174,  사랑 못해  남들 쉽게 다 하는 거    태일  블락비   
175,  멜로디    청하  
176,  사랑한단 거짓말은 안 할래    화사  Hwa Sa   
177,  함께 했는데 이별은 나 혼자인 거야    먼데이 키즈  Monday Kiz   
178,  X  걸어온 길에 꽃밭 따윈 없었죠     ASH ISLAND  
179,  그리워하면 그댈 만날까봐    먼데이 키즈  Monday Kiz   
180,  오월의 어느 봄날  Feat. 첸 CHEN      최현준  V.O.S   
181,  혼술하고 싶은 밤    이소정  
182,  가을밤에 든 생각    청하  
183,  사실 나는  Feat.전건호     김나영  
184,  널 사랑했던 한 사람    임한별  
185,  안녕과 안녕으로    벤  
186,  Daybreak  Minhyun&JR     잔나비  
187,  사랑은 지날수록 더욱 선명하게 남아    경서예지  
188,  처음이라서    펀치  Punch   
189,  Purpose  Stripped     이예준  
190,  안녕  오늘의 그대에게    뉴이스트  
191,  Like Strangers Do    전상근  
192,  반만    정효빈  
193,  어떻게 지내  Prod. By VAN.C     Etham  
194,  AND I    임한별  
195,  아름답고도 아프구나    AJ Mitchell  
196,  Lonely Night    진민호  
197,  I’ll Still Have Me    오반  
198,  아무렇지 않게  안녕    뉴이스트 W  
199,  넌 내가 보고 싶지 않나 봐    비투비  
200,  사랑은 늘 도망가    임영웅  
201,  코 끝이 찡하게    차가을  
202,  혼자 사랑하고 미워해    백예슬  
203,  비 오는 날 듣기 좋은 노래  Feat. Colde     에픽하이  EPIK HIGH   
204,  Your Lights    이수  엠씨더맥스   
205,  너와 나 우리  Feat. ZELO of B.A.P     이예준  
206,  별이 쏟아지는 밤    려욱  RYEOWOOK   
207,  헤픈 우연    헤이즈  Heize   
208,  Falling    Harry Styles  
209,  High    5 Seconds of Summer  
210,  If the World Was Ending  feat. Julia Michaels   Feat. Julia Michaels     JP Saxe  
211,  그냥 안아달란 말야    다비치  
212,  2 soon    keshi  
213,  r u ok    Tate McRae  
214,  cheap sunglasses    John K  
215,  Rain    태연  TAEYEON   
216,  어떻게 이별까지 사랑하겠어  널 사랑하는 거지    AKMU  악뮤   
217,  기다릴게    하동균  
218,  사랑하기 싫어    봉구  
219,  Gone    영지  
220,  To Die For  Acoustic     로제  ROSÉ   
221,  Rosario  Feat. CL  ZICO     Sam Smith  
222,  rainy day    에픽하이  EPIK HIGH   
223,  LMM    휘성  Realslow   
224,  사랑 못해  남들 쉽게 다 하는 거    태일  블락비   
225,  멜로디    청하  
226,  사랑한단 거짓말은 안 할래    화사  Hwa Sa   
227,  함께 했는데 이별은 나 혼자인 거야    먼데이 키즈  Monday Kiz   
228,  X  걸어온 길에 꽃밭 따윈 없었죠     ASH ISLAND  
229,  그리워하면 그댈 만날까봐    먼데이 키즈  Monday Kiz   
230,  오월의 어느 봄날  Feat. 첸 CHEN      최현준  V.O.S   
231,  혼술하고 싶은 밤    이소정  
232,  가을밤에 든 생각    청하  
233,  사실 나는  Feat.전건호     김나영  
234,  널 사랑했던 한 사람    임한별  
235,  안녕과 안녕으로    벤  
236,  Daybreak  Minhyun&JR     잔나비  
237,  사랑은 지날수록 더욱 선명하게 남아    경서예지  
238,  처음이라서    펀치  Punch   
239,  Purpose  Stripped     이예준  
240,  안녕  오늘의 그대에게    뉴이스트  
241,  Like Strangers Do    전상근  
242,  반만    정효빈  
243,  어떻게 지내  Prod. By VAN.C     Etham  
244,  AND I    임한별  
245,  아름답고도 아프구나    AJ Mitchell  
246,  Lonely Night    진민호  
247,  I’ll Still Have Me    오반  
248,  아무렇지 않게  안녕    뉴이스트 W  
249,  넌 내가 보고 싶지 않나 봐    비투비  
250,  사랑은 늘 도망가    임영웅  
251,  코 끝이 찡하게    차가을  
252,  혼자 사랑하고 미워해    백예슬  
253,  비 오는 날 듣기 좋은 노래  Feat. Colde     에픽하이  EPIK HIGH   
254,  Your Lights    이수  엠씨더맥스   
255,  너와 나 우리  Feat. ZELO of B.A.P     이예준  
256,  별이 쏟아지는 밤    려욱  RYEOWOOK   
257,  헤픈 우연    헤이즈  Heize   
258,  Falling    Harry Styles  
259,  High    5 Seconds of Summer  
260,  If the World Was Ending  feat. Julia Michaels   Feat. Julia Michaels     JP Saxe  
261,  그냥 안아달란 말야    다비치  
262,  2 soon    keshi  
263,  r u ok    Tate McRae  
264,  cheap sunglasses    John K  
265,  Rain    태연  TAEYEON   
266,  어떻게 이별까지 사랑하겠어  널 사랑하는 거지    AKMU  악뮤   
267,  기다릴게    하동균  
268,  사랑하기 싫어    봉구  
269,  Gone    영지  
270,  To Die For  Acoustic     로제  ROSÉ   
271,  Rosario  Feat. CL  ZICO     Sam Smith  
272,  rainy day    에픽하이  EPIK HIGH   
273,  LMM    휘성  Realslow   
274,  사랑 못해  남들 쉽게 다 하는 거    태일  블락비   
275,  멜로디    청하  
276,  사랑한단 거짓말은 안 할래    화사  Hwa Sa   
277,  함께 했는데 이별은 나 혼자인 거야    먼데이 키즈  Monday Kiz   
278,  X  걸어온 길에 꽃밭 따윈 없었죠     ASH ISLAND  
279,  그리워하면 그댈 만날까봐    먼데이 키즈  Monday Kiz   
280,  오월의 어느 봄날  Feat. 첸 CHEN      최현준  V.O.S   
281,  혼술하고 싶은 밤    이소정  
282,  가을밤에 든 생각    청하  
283,  사실 나는  Feat.전건호     김나영  
284,  널 사랑했던 한 사람    임한별  
285,  안녕과 안녕으로    벤  
286,  Daybreak  Minhyun&JR     잔나비  
287,  사랑은 지날수록 더욱 선명하게 남아    경서예지  
288,  처음이라서    펀치  Punch   
289,  Purpose  Stripped     이예준  
290,  안녕  오늘의 그대에게    뉴이스트  
291,  Like Strangers Do    전상근  
292,  반만    정효빈  
293,  어떻게 지내  Prod. By VAN.C     Etham  
294,  AND I    임한별  
295,  아름답고도 아프구나    AJ Mitchell  
296,  Lonely Night    진민호  
297,  I’ll Still Have Me    오반  
298,  아무렇지 않게  안녕    뉴이스트 W  
299,  넌 내가 보고 싶지 않나 봐    비투비  
300,  사랑은 늘 도망가    임영웅  
301,  코 끝이 찡하게    차가을  
302,  혼자 사랑하고 미워해    백예슬  
303,  비 오는 날 듣기 좋은 노래  Feat. Colde     에픽하이  EPIK HIGH   
304,  Your Lights    이수  엠씨더맥스   
305,  너와 나 우리  Feat. ZELO of B.A.P     이예준  
306,  별이 쏟아지는 밤    려욱  RYEOWOOK   
307,  헤픈 우연    헤이즈  Heize   
308,  Falling    Harry Styles  
309,  High    5 Seconds of Summer  
310,  If the World Was Ending  feat. Julia Michaels   Feat. Julia Michaels     JP Saxe  
311,  그냥 안아달란 말야    다비치  
312,  2 soon    keshi  
313,  r u ok    Tate McRae  
314,  cheap sunglasses    John K  
315,  Rain    태연  TAEYEON   
316,  어떻게 이별까지 사랑하겠어  널 사랑하는 거지    AKMU  악뮤   
317,  기다릴게    하동균  
318,  사랑하기 싫어    봉구  
319,  Gone    영지  
320,  To Die For  Acoustic     로제  ROSÉ   
321,  Rosario  Feat. CL  ZICO     Sam Smith  
322,  rainy day    에픽하이  EPIK HIGH   
323,  LMM    휘성  Realslow   
324,  사랑 못해  남들 쉽게 다 하는 거    태일  블락비   
325,  멜로디    청하  
326,  사랑한단 거짓말은 안 할래    화사  Hwa Sa   
327,  함께 했는데 이별은 나 혼자인 거야    먼데이 키즈  Monday Kiz   
328,  X  걸어온 길에 꽃밭 따윈 없었죠     ASH ISLAND  
329,  그리워하면 그댈 만날까봐    먼데이 키즈  Monday Kiz   
330,  오월의 어느 봄날  Feat. 첸 CHEN      최현준  V.O.S   
331,  혼술하고 싶은 밤    이소정  
332,  가을밤에 든 생각    청하  
333,  사실 나는  Feat.전건호     김나영  
334,  널 사랑했던 한 사람    임한별  
335,  안녕과 안녕으로    벤  
336,  Daybreak  Minhyun&JR     잔나비  
337,  사랑은 지날수록 더욱 선명하게 남아    경서예지  
338,  처음이라서    펀치  Punch   
339,  Purpose  Stripped     이예준  
340,  안녕  오늘의 그대에게    뉴이스트  
341,  Like Strangers Do    전상근  
342,  반만    정효빈  
343,  어떻게 지내  Prod. By VAN.C     Etham  
344,  AND I    임한별  
345,  아름답고도 아프구나    AJ Mitchell  
346,  Lonely Night    진민호  
347,  I’ll Still Have Me    오반  
348,  아무렇지 않게  안녕    뉴이스트 W  
349,  넌 내가 보고 싶지 않나 봐    비투비  
350,  사랑은 늘 도망가    임영웅  
351,  코 끝이 찡하게    차가을  
352,  혼자 사랑하고 미워해    백예슬  
353,  비 오는 날 듣기 좋은 노래  Feat. Colde     에픽하이  EPIK HIGH   
354,  Your Lights    이수  엠씨더맥스   
355,  너와 나 우리  Feat. ZELO of B.A.P     이예준  
356,  별이 쏟아지는 밤    려욱  RYEOWOOK   
357,  헤픈 우연    헤이즈  Heize   
358,  Falling    Harry Styles  
359,  High    5 Seconds of Summer  
360,  If the World Was Ending  feat. Julia Michaels   Feat. Julia Michaels     JP Saxe  
361,  그냥 안아달란 말야    다비치  
362,  2 soon    keshi  
363,  r u ok    Tate McRae  
364,  cheap sunglasses    John K  
365,  Rain    태연  TAEYEON   
366,  어떻게 이별까지 사랑하겠어  널 사랑하는 거지    AKMU  악뮤   
367,  기다릴게    하동균  
368,  사랑하기 싫어    봉구  
369,  Gone    영지  
370,  To Die For  Acoustic     로제  ROSÉ   
371,  Rosario  Feat. CL  ZICO     Sam Smith  
372,  rainy day    에픽하이  EPIK HIGH   
373,  LMM    휘성  Realslow   
374,  사랑 못해  남들 쉽게 다 하는 거    태일  블락비   
375,  멜로디    청하  
376,  사랑한단 거짓말은 안 할래    화사  Hwa Sa   
377,  함께 했는데 이별은 나 혼자인 거야    먼데이 키즈  Monday Kiz   
378,  X  걸어온 길에 꽃밭 따윈 없었죠     ASH ISLAND  
379,  그리워하면 그댈 만날까봐    먼데이 키즈  Monday Kiz   
380,  오월의 어느 봄날  Feat. 첸 CHEN      최현준  V.O.S   
381,  혼술하고 싶은 밤    이소정  
382,  가을밤에 든 생각    청하  
383,  사실 나는  Feat.전건호     김나영  
384,  널 사랑했던 한 사람    임한별  
385,  안녕과 안녕으로    벤  
386,  Daybreak  Minhyun&JR     잔나비  
387,  사랑은 지날수록 더욱 선명하게 남아    경서예지  
388,  처음이라서    펀치  Punch   
389,  Purpose  Stripped     이예준  
390,  안녕  오늘의 그대에게    뉴이스트  
391,  Like Strangers Do    전상근  
392,  반만    정효빈  
393,  어떻게 지내  Prod. By VAN.C     Etham  
394,  AND I    임한별  
395,  아름답고도 아프구나    AJ Mitchell  
396,  Lonely Night    진민호  
397,  I’ll Still Have Me    오반  
398,  아무렇지 않게  안녕    뉴이스트 W  
399,  넌 내가 보고 싶지 않나 봐    비투비  
400,  사랑은 늘 도망가    임영웅  
401,  코 끝이 찡하게    차가을  
402,  혼자 사랑하고 미워해    백예슬  
403,  비 오는 날 듣기 좋은 노래  Feat. Colde     에픽하이  EPIK HIGH   
404,  Your Lights    이수  엠씨더맥스   
405,  너와 나 우리  Feat. ZELO of B.A.P     이예준  
406,  별이 쏟아지는 밤    려욱  RYEOWOOK   
407,  헤픈 우연    헤이즈  Heize   
408,  Falling    Harry Styles  
409,  High    5 Seconds of Summer  
410,  If the World Was Ending  feat. Julia Michaels   Feat. Julia Michaels     JP Saxe  
411,  그냥 안아달란 말야    다비치  
412,  2 soon    keshi  
413,  r u ok    Tate McRae  
414,  cheap sunglasses    John K  
415,  Rain    태연  TAEYEON   
416,  어떻게 이별까지 사랑하겠어  널 사랑하는 거지    AKMU  악뮤   
417,  기다릴게    하동균  
418,  사랑하기 싫어    봉구  
419,  Gone    영지  
420,  To Die For  Acoustic     로제  ROSÉ   
421,  Rosario  Feat. CL  ZICO     Sam Smith  
422,  rainy day    에픽하이  EPIK HIGH   
423,  LMM    휘성  Realslow   
424,  사랑 못해  남들 쉽게 다 하는 거    태일  블락비   
425,  멜로디    청하  
426,  사랑한단 거짓말은 안 할래    화사  Hwa Sa   
427,  함께 했는데 이별은 나 혼자인 거야    먼데이 키즈  Monday Kiz   
428,  X  걸어온 길에 꽃밭 따윈 없었죠     ASH ISLAND  
429,  그리워하면 그댈 만날까봐    먼데이 키즈  Monday Kiz   
430,  오월의 어느 봄날  Feat. 첸 CHEN      최현준  V.O.S   
431,  혼술하고 싶은 밤    이소정  
432,  가을밤에 든 생각    청하  
433,  사실 나는  Feat.전건호     김나영  
434,  널 사랑했던 한 사람    임한별  
435,  안녕과 안녕으로    벤  
436,  Daybreak  Minhyun&JR     잔나비  
437,  사랑은 지날수록 더욱 선명하게 남아    경서예지  
438,  처음이라서    펀치  Punch   
439,  Purpose  Stripped     이예준  
440,  안녕  오늘의 그대에게    뉴이스트  
441,  Like Strangers Do    전상근  
442,  반만    정효빈  
443,  어떻게 지내  Prod. By VAN.C     Etham  
444,  AND I    임한별  
445,  아름답고도 아프구나    AJ Mitchell  
446,  Lonely Night    진민호  
447,  I’ll Still Have Me    오반  
448,  아무렇지 않게  안녕    뉴이스트 W  
449,  넌 내가 보고 싶지 않나 봐    비투비  
450,  사랑은 늘 도망가    임영웅  
451,  코 끝이 찡하게    차가을  
452,  혼자 사랑하고 미워해    백예슬  
453,  비 오는 날 듣기 좋은 노래  Feat. Colde     에픽하이  EPIK HIGH   
454,  Your Lights    이수  엠씨더맥스   
455,  너와 나 우리  Feat. ZELO of B.A.P     이예준  
456,  별이 쏟아지는 밤    려욱  RYEOWOOK   
457,  헤픈 우연    헤이즈  Heize   
458,  Falling    Harry Styles  
459,  High    5 Seconds of Summer  
460,  If the World Was Ending  feat. Julia Michaels   Feat. Julia Michaels     JP Saxe  
461,  그냥 안아달란 말야    다비치  
462,  2 soon    keshi  
463,  r u ok    Tate McRae  
464,  cheap sunglasses    John K  
465,  Rain    태연  TAEYEON   
466,  어떻게 이별까지 사랑하겠어  널 사랑하는 거지    AKMU  악뮤   
467,  기다릴게    하동균  
468,  사랑하기 싫어    봉구  
469,  Gone    영지  
470,  To Die For  Acoustic     로제  ROSÉ   
471,  Rosario  Feat. CL  ZICO     Sam Smith  
472,  rainy day    에픽하이  EPIK HIGH   
473,  LMM    휘성  Realslow   
474,  사랑 못해  남들 쉽게 다 하는 거    태일  블락비   
475,  멜로디    청하  
476,  사랑한단 거짓말은 안 할래    화사  Hwa Sa   
477,  함께 했는데 이별은 나 혼자인 거야    먼데이 키즈  Monday Kiz   
478,  X  걸어온 길에 꽃밭 따윈 없었죠     ASH ISLAND  
479,  그리워하면 그댈 만날까봐    먼데이 키즈  Monday Kiz   
480,  오월의 어느 봄날  Feat. 첸 CHEN      최현준  V.O.S   
481,  혼술하고 싶은 밤    이소정  
482,  가을밤에 든 생각    청하  
483,  사실 나는  Feat.전건호     김나영  
484,  널 사랑했던 한 사람    임한별  
485,  안녕과 안녕으로    벤  
486,  Daybreak  Minhyun&JR     잔나비  
487,  사랑은 지날수록 더욱 선명하게 남아    경서예지  
488,  처음이라서    펀치  Punch   
489,  Purpose  Stripped     이예준  
490,  안녕  오늘의 그대에게    뉴이스트  
491,  Like Strangers Do    전상근  
492,  반만    정효빈  
493,  어떻게 지내  Prod. By VAN.C     Etham  
494,  AND I    임한별  
495,  아름답고도 아프구나    AJ Mitchell  
496,  Lonely Night    진민호  
497,  I’ll Still Have Me    오반  
498,  아무렇지 않게  안녕    뉴이스트 W  
499,  넌 내가 보고 싶지 않나 봐    비투비  
500,  사랑은 늘 도망가    임영웅  
501,  코 끝이 찡하게    차가을  
502,  혼자 사랑하고 미워해    백예슬  
503,  비 오는 날 듣기 좋은 노래  Feat. Colde     에픽하이  EPIK HIGH   
504,  Your Lights    이수  엠씨더맥스   
505,  너와 나 우리  Feat. ZELO of B.A.P     이예준  
506,  별이 쏟아지는 밤    려욱  RYEOWOOK   
507,  헤픈 우연    헤이즈  Heize   
508,  Falling    Harry Styles  
509,  High    5 Seconds of Summer  
510,  If the World Was Ending  feat. Julia Michaels   Feat. Julia Michaels     JP Saxe  
511,  그냥 안아달란 말야    다비치  
512,  2 soon    keshi  
513,  r u ok    Tate McRae  
514,  cheap sunglasses    John K  
515,  Rain    태연  TAEYEON   
516,  어떻게 이별까지 사랑하겠어  널 사랑하는 거지    AKMU  악뮤   
517,  기다릴게    하동균  
518,  사랑하기 싫어    봉구  
519,  Gone    영지  
520,  To Die For  Acoustic     로제  ROSÉ   
521,  Rosario  Feat. CL  ZICO     Sam Smith  
522,  rainy day    에픽하이  EPIK HIGH   
523,  LMM    휘성  Realslow   
524,  사랑 못해  남들 쉽게 다 하는 거    태일  블락비   
525,  멜로디    청하  
526,  사랑한단 거짓말은 안 할래    화사  Hwa Sa   
527,  함께 했는데 이별은 나 혼자인 거야    먼데이 키즈  Monday Kiz   
528,  X  걸어온 길에 꽃밭 따윈 없었죠     ASH ISLAND  
529,  그리워하면 그댈 만날까봐    먼데이 키즈  Monday Kiz   
530,  오월의 어느 봄날  Feat. 첸 CHEN      최현준  V.O.S   
531,  혼술하고 싶은 밤    이소정  
532,  가을밤에 든 생각    청하  
533,  사실 나는  Feat.전건호     김나영  
534,  널 사랑했던 한 사람    임한별  
535,  안녕과 안녕으로    벤  
536,  Daybreak  Minhyun&JR     잔나비  
537,  사랑은 지날수록 더욱 선명하게 남아    경서예지  
538,  처음이라서    펀치  Punch   
539,  Purpose  Stripped     이예준  
540,  안녕  오늘의 그대에게    뉴이스트  
541,  Like Strangers Do    전상근  
542,  반만    정효빈  
543,  어떻게 지내  Prod. By VAN.C     Etham  
544,  AND I    임한별  
545,  아름답고도 아프구나    AJ Mitchell  
546,  Lonely Night    진민호  
547,  I’ll Still Have Me    오반  
548,  아무렇지 않게  안녕    뉴이스트 W  
549,  넌 내가 보고 싶지 않나 봐    비투비  
550,  사랑은 늘 도망가    임영웅  
551,  코 끝이 찡하게    차가을  
552,  혼자 사랑하고 미워해    백예슬  
553,  비 오는 날 듣기 좋은 노래  Feat. Colde     에픽하이  EPIK HIGH   
554,  Your Lights    이수  엠씨더맥스   
555,  너와 나 우리  Feat. ZELO of B.A.P     이예준  
556,  별이 쏟아지는 밤    려욱  RYEOWOOK   
557,  헤픈 우연    헤이즈  Heize   
558,  Falling    Harry Styles  
559,  High    5 Seconds of Summer  
560,  If the World Was Ending  feat. Julia Michaels   Feat. Julia Michaels     JP Saxe  
561,  그냥 안아달란 말야    다비치  
562,  2 soon    keshi  
563,  r u ok    Tate McRae  
564,  cheap sunglasses    John K  
565,  Rain    태연  TAEYEON   
566,  어떻게 이별까지 사랑하겠어  널 사랑하는 거지    AKMU  악뮤   
567,  기다릴게    하동균  
568,  사랑하기 싫어    봉구  
569,  Gone    영지  
570,  To Die For  Acoustic     로제  ROSÉ   
571,  Rosario  Feat. CL  ZICO     Sam Smith  
572,  rainy day    에픽하이  EPIK HIGH   
573,  LMM    휘성  Realslow   
574,  사랑 못해  남들 쉽게 다 하는 거    태일  블락비   
575,  멜로디    청하  
576,  사랑한단 거짓말은 안 할래    화사  Hwa Sa   
577,  함께 했는데 이별은 나 혼자인 거야    먼데이 키즈  Monday Kiz   
578,  X  걸어온 길에 꽃밭 따윈 없었죠     ASH ISLAND  
579,  그리워하면 그댈 만날까봐    먼데이 키즈  Monday Kiz   
580,  오월의 어느 봄날  Feat. 첸 CHEN      최현준  V.O.S   
581,  혼술하고 싶은 밤    이소정  
582,  가을밤에 든 생각    청하  
583,  사실 나는  Feat.전건호     김나영  
584,  널 사랑했던 한 사람    임한별  
585,  안녕과 안녕으로    벤  
586,  Daybreak  Minhyun&JR     잔나비  
587,  사랑은 지날수록 더욱 선명하게 남아    경서예지  
588,  처음이라서    펀치  Punch   
589,  Purpose  Stripped     이예준  
590,  안녕  오늘의 그대에게    뉴이스트  
591,  Like Strangers Do    전상근  
592,  반만    정효빈  
593,  어떻게 지내  Prod. By VAN.C     Etham  
594,  AND I    임한별  
595,  아름답고도 아프구나    AJ Mitchell  
596,  Lonely Night    진민호  
597,  I’ll Still Have Me    오반  
598,  아무렇지 않게  안녕    뉴이스트 W  
599,  넌 내가 보고 싶지 않나 봐    비투비  
600,  사랑은 늘 도망가    임영웅  
601,  코 끝이 찡하게    차가을  
602,  혼자 사랑하고 미워해    백예슬  
603,  비 오는 날 듣기 좋은 노래  Feat. Colde     에픽하이  EPIK HIGH   
604,  Your Lights    이수  엠씨더맥스   
605,  너와 나 우리  Feat. ZELO of B.A.P     이예준  
606,  별이 쏟아지는 밤    려욱  RYEOWOOK   
607,  헤픈 우연    헤이즈  Heize   
608,  Falling    Harry Styles  
609,  High    5 Seconds of Summer  
610,  If the World Was Ending  feat. Julia Michaels   Feat. Julia Michaels     JP Saxe  
611,  그냥 안아달란 말야    다비치  
612,  2 soon    keshi  
613,  r u ok    Tate McRae  
614,  cheap sunglasses    John K  
615,  Rain    태연  TAEYEON   
616,  어떻게 이별까지 사랑하겠어  널 사랑하는 거지    AKMU  악뮤   
617,  기다릴게    하동균  
618,  사랑하기 싫어    봉구  
619,  Gone    영지  
620,  To Die For  Acoustic     로제  ROSÉ   
621,  Rosario  Feat. CL  ZICO     Sam Smith  
622,  rainy day    에픽하이  EPIK HIGH   
623,  LMM    휘성  Realslow   
624,  사랑 못해  남들 쉽게 다 하는 거    태일  블락비   
625,  멜로디    청하  
626,  사랑한단 거짓말은 안 할래    화사  Hwa Sa   
627,  함께 했는데 이별은 나 혼자인 거야    먼데이 키즈  Monday Kiz   
628,  X  걸어온 길에 꽃밭 따윈 없었죠     ASH ISLAND  
629,  그리워하면 그댈 만날까봐    먼데이 키즈  Monday Kiz   
630,  오월의 어느 봄날  Feat. 첸 CHEN      최현준  V.O.S   
631,  혼술하고 싶은 밤    이소정  
632,  가을밤에 든 생각    청하  
633,  사실 나는  Feat.전건호     김나영  
634,  널 사랑했던 한 사람    임한별  
635,  안녕과 안녕으로    벤  
636,  Daybreak  Minhyun&JR     잔나비  
637,  사랑은 지날수록 더욱 선명하게 남아    경서예지  
638,  처음이라서    펀치  Punch   
639,  Purpose  Stripped     이예준  
640,  안녕  오늘의 그대에게    뉴이스트  
641,  Like Strangers Do    전상근  
642,  반만    정효빈  
643,  어떻게 지내  Prod. By VAN.C     Etham  
644,  AND I    임한별  
645,  아름답고도 아프구나    AJ Mitchell  
646,  Lonely Night    진민호  
647,  I’ll Still Have Me    오반  
648,  아무렇지 않게  안녕    뉴이스트 W  
649,  넌 내가 보고 싶지 않나 봐    비투비  
650,  사랑은 늘 도망가    임영웅  
651,  코 끝이 찡하게    차가을  
652,  혼자 사랑하고 미워해    백예슬  
653,  비 오는 날 듣기 좋은 노래  Feat. Colde     에픽하이  EPIK HIGH   
654,  Your Lights    이수  엠씨더맥스   
655,  너와 나 우리  Feat. ZELO of B.A.P     이예준  
656,  별이 쏟아지는 밤    려욱  RYEOWOOK   
657,  헤픈 우연    헤이즈  Heize   
658,  Falling    Harry Styles  
659,  High    5 Seconds of Summer  
660,  If the World Was Ending  feat. Julia Michaels   Feat. Julia Michaels     JP Saxe  
661,  그냥 안아달란 말야    다비치  
662,  2 soon    keshi  
663,  r u ok    Tate McRae  
664,  cheap sunglasses    John K  
665,  Rain    태연  TAEYEON   
666,  어떻게 이별까지 사랑하겠어  널 사랑하는 거지    AKMU  악뮤   
667,  기다릴게    하동균  
668,  사랑하기 싫어    봉구  
669,  Gone    영지  
670,  To Die For  Acoustic     로제  ROSÉ   
671,  Rosario  Feat. CL  ZICO     Sam Smith  
672,  rainy day    에픽하이  EPIK HIGH   
673,  LMM    휘성  Realslow   
674,  사랑 못해  남들 쉽게 다 하는 거    태일  블락비   
675,  멜로디    청하  
676,  사랑한단 거짓말은 안 할래    화사  Hwa Sa   
677,  함께 했는데 이별은 나 혼자인 거야    먼데이 키즈  Monday Kiz   
678,  X  걸어온 길에 꽃밭 따윈 없었죠     ASH ISLAND  
679,  그리워하면 그댈 만날까봐    먼데이 키즈  Monday Kiz   
680,  오월의 어느 봄날  Feat. 첸 CHEN      최현준  V.O.S   
681,  혼술하고 싶은 밤    이소정  
682,  가을밤에 든 생각    청하  
683,  사실 나는  Feat.전건호     김나영  
684,  널 사랑했던 한 사람    임한별  
685,  안녕과 안녕으로    벤  
686,  Daybreak  Minhyun&JR     잔나비  
687,  사랑은 지날수록 더욱 선명하게 남아    경서예지  
688,  처음이라서    펀치  Punch   
689,  Purpose  Stripped     이예준  
690,  안녕  오늘의 그대에게    뉴이스트  
691,  Like Strangers Do    전상근  
692,  반만    정효빈  
693,  어떻게 지내  Prod. By VAN.C     Etham  
694,  AND I    임한별  
695,  아름답고도 아프구나    AJ Mitchell  
696,  Lonely Night    진민호  
697,  I’ll Still Have Me    오반  
698,  아무렇지 않게  안녕    뉴이스트 W  
699,  넌 내가 보고 싶지 않나 봐    비투비  
700,  사랑은 늘 도망가    임영웅  
701,  코 끝이 찡하게    차가을  
702,  혼자 사랑하고 미워해    백예슬  
703,  비 오는 날 듣기 좋은 노래  Feat. Colde     에픽하이  EPIK HIGH   
704,  Your Lights    이수  엠씨더맥스   
705,  너와 나 우리  Feat. ZELO of B.A.P     이예준  
706,  별이 쏟아지는 밤    려욱  RYEOWOOK   
707,  헤픈 우연    헤이즈  Heize   
708,  Falling    Harry Styles  
709,  High    5 Seconds of Summer  
710,  If the World Was Ending  feat. Julia Michaels   Feat. Julia Michaels     JP Saxe  
711,  그냥 안아달란 말야    다비치  
712,  2 soon    keshi  
713,  r u ok    Tate McRae  
714,  cheap sunglasses    John K  
715,  Rain    태연  TAEYEON   
716,  어떻게 이별까지 사랑하겠어  널 사랑하는 거지    AKMU  악뮤   
717,  기다릴게    하동균  
718,  사랑하기 싫어    봉구  
719,  Gone    영지  
720,  To Die For  Acoustic     로제  ROSÉ   
721,  Rosario  Feat. CL  ZICO     Sam Smith  
722,  rainy day    에픽하이  EPIK HIGH   
723,  LMM    휘성  Realslow   
724,  사랑 못해  남들 쉽게 다 하는 거    태일  블락비   
725,  멜로디    청하  
726,  사랑한단 거짓말은 안 할래    화사  Hwa Sa   
727,  함께 했는데 이별은 나 혼자인 거야    먼데이 키즈  Monday Kiz   
728,  X  걸어온 길에 꽃밭 따윈 없었죠     ASH ISLAND  
729,  그리워하면 그댈 만날까봐    먼데이 키즈  Monday Kiz   
730,  오월의 어느 봄날  Feat. 첸 CHEN      최현준  V.O.S   
731,  혼술하고 싶은 밤    이소정  
732,  가을밤에 든 생각    청하  
733,  사실 나는  Feat.전건호     김나영  
734,  널 사랑했던 한 사람    임한별  
735,  안녕과 안녕으로    벤  
736,  Daybreak  Minhyun&JR     잔나비  
737,  사랑은 지날수록 더욱 선명하게 남아    경서예지  
738,  처음이라서    펀치  Punch   
739,  Purpose  Stripped     이예준  
740,  안녕  오늘의 그대에게    뉴이스트  
741,  Like Strangers Do    전상근  
742,  반만    정효빈  
743,  어떻게 지내  Prod. By VAN.C     Etham  
744,  AND I    임한별  
745,  아름답고도 아프구나    AJ Mitchell  
746,  Lonely Night    진민호  
747,  I’ll Still Have Me    오반  
748,  아무렇지 않게  안녕    뉴이스트 W  
749,  넌 내가 보고 싶지 않나 봐    비투비  
750,  사랑은 늘 도망가    임영웅  
751,  코 끝이 찡하게    차가을  
752,  혼자 사랑하고 미워해    백예슬  
753,  비 오는 날 듣기 좋은 노래  Feat. Colde     에픽하이  EPIK HIGH   
754,  Your Lights    이수  엠씨더맥스   
755,  너와 나 우리  Feat. ZELO of B.A.P     이예준  
756,  별이 쏟아지는 밤    려욱  RYEOWOOK   
757,  헤픈 우연    헤이즈  Heize   
758,  Falling    Harry Styles  
759,  High    5 Seconds of Summer  
760,  If the World Was Ending  feat. Julia Michaels   Feat. Julia Michaels     JP Saxe  
761,  그냥 안아달란 말야    다비치  
762,  2 soon    keshi  
763,  r u ok    Tate McRae  
764,  cheap sunglasses    John K  
765,  Rain    태연  TAEYEON   
766,  어떻게 이별까지 사랑하겠어  널 사랑하는 거지    AKMU  악뮤   
767,  기다릴게    하동균  
768,  사랑하기 싫어    봉구  
769,  Gone    영지  
770,  To Die For  Acoustic     로제  ROSÉ   
771,  Rosario  Feat. CL  ZICO     Sam Smith  
772,  rainy day    에픽하이  EPIK HIGH   
773,  LMM    휘성  Realslow   
774,  사랑 못해  남들 쉽게 다 하는 거    태일  블락비   
775,  멜로디    청하  
776,  사랑한단 거짓말은 안 할래    화사  Hwa Sa   
777,  함께 했는데 이별은 나 혼자인 거야    먼데이 키즈  Monday Kiz   
778,  X  걸어온 길에 꽃밭 따윈 없었죠     ASH ISLAND  
779,  그리워하면 그댈 만날까봐    먼데이 키즈  Monday Kiz   
780,  오월의 어느 봄날  Feat. 첸 CHEN      최현준  V.O.S   
781,  혼술하고 싶은 밤    이소정  
782,  가을밤에 든 생각    청하  
783,  사실 나는  Feat.전건호     김나영  
784,  널 사랑했던 한 사람    임한별  
785,  안녕과 안녕으로    벤  
786,  Daybreak  Minhyun&JR     잔나비  
787,  사랑은 지날수록 더욱 선명하게 남아    경서예지  
788,  처음이라서    펀치  Punch   
789,  Purpose  Stripped     이예준  
790,  안녕  오늘의 그대에게    뉴이스트  
791,  Like Strangers Do    전상근  
792,  반만    정효빈  
793,  어떻게 지내  Prod. By VAN.C     Etham  
794,  AND I    임한별  
795,  아름답고도 아프구나    AJ Mitchell  
796,  Lonely Night    진민호  
797,  I’ll Still Have Me    오반  
798,  아무렇지 않게  안녕    뉴이스트 W  
799,  넌 내가 보고 싶지 않나 봐    비투비  
800,  사랑은 늘 도망가    임영웅  
801,  코 끝이 찡하게    차가을  
802,  혼자 사랑하고 미워해    백예슬  
803,  비 오는 날 듣기 좋은 노래  Feat. Colde     에픽하이  EPIK HIGH   
804,  Your Lights    이수  엠씨더맥스   
805,  너와 나 우리  Feat. ZELO of B.A.P     이예준  
806,  별이 쏟아지는 밤    려욱  RYEOWOOK   
807,  헤픈 우연    헤이즈  Heize   
808,  Falling    Harry Styles  
809,  High    5 Seconds of Summer  
810,  If the World Was Ending  feat. Julia Michaels   Feat. Julia Michaels     JP Saxe  
811,  그냥 안아달란 말야    다비치  
812,  2 soon    keshi  
813,  r u ok    Tate McRae  
814,  cheap sunglasses    John K  
815,  Rain    태연  TAEYEON   
816,  어떻게 이별까지 사랑하겠어  널 사랑하는 거지    AKMU  악뮤   
817,  기다릴게    하동균  
818,  사랑하기 싫어    봉구  
819,  Gone    영지  
820,  To Die For  Acoustic     로제  ROSÉ   
821,  Rosario  Feat. CL  ZICO     Sam Smith  
822,  rainy day    에픽하이  EPIK HIGH   
823,  LMM    휘성  Realslow   
824,  사랑 못해  남들 쉽게 다 하는 거    태일  블락비   
825,  멜로디    청하  
826,  사랑한단 거짓말은 안 할래    화사  Hwa Sa   
827,  함께 했는데 이별은 나 혼자인 거야    먼데이 키즈  Monday Kiz   
828,  X  걸어온 길에 꽃밭 따윈 없었죠     ASH ISLAND  
829,  그리워하면 그댈 만날까봐    먼데이 키즈  Monday Kiz   
830,  오월의 어느 봄날  Feat. 첸 CHEN      최현준  V.O.S   
831,  혼술하고 싶은 밤    이소정  
832,  가을밤에 든 생각    청하  
833,  사실 나는  Feat.전건호     김나영  
834,  널 사랑했던 한 사람    임한별  
835,  안녕과 안녕으로    벤  
836,  Daybreak  Minhyun&JR     잔나비  
837,  사랑은 지날수록 더욱 선명하게 남아    경서예지  
838,  처음이라서    펀치  Punch   
839,  Purpose  Stripped     이예준  
840,  안녕  오늘의 그대에게    뉴이스트  
841,  Like Strangers Do    전상근  
842,  반만    정효빈  
843,  어떻게 지내  Prod. By VAN.C     Etham  
844,  AND I    임한별  
845,  아름답고도 아프구나    AJ Mitchell  
846,  Lonely Night    진민호  
847,  I’ll Still Have Me    오반  
848,  아무렇지 않게  안녕    뉴이스트 W  
849,  넌 내가 보고 싶지 않나 봐    비투비  
850,  사랑은 늘 도망가    임영웅  
851,  코 끝이 찡하게    차가을  
852,  혼자 사랑하고 미워해    백예슬  
853,  비 오는 날 듣기 좋은 노래  Feat. Colde     에픽하이  EPIK HIGH   
854,  Your Lights    이수  엠씨더맥스   
855,  너와 나 우리  Feat. ZELO of B.A.P     이예준  
856,  별이 쏟아지는 밤    려욱  RYEOWOOK   
857,  헤픈 우연    헤이즈  Heize   
858,  Falling    Harry Styles  
859,  High    5 Seconds of Summer  
860,  If the World Was Ending  feat. Julia Michaels   Feat. Julia Michaels     JP Saxe  
861,  그냥 안아달란 말야    다비치  
862,  2 soon    keshi  
863,  r u ok    Tate McRae  
864,  cheap sunglasses    John K  
865,  Rain    태연  TAEYEON   
866,  어떻게 이별까지 사랑하겠어  널 사랑하는 거지    AKMU  악뮤   
867,  기다릴게    하동균  
868,  사랑하기 싫어    봉구  
869,  Gone    영지  
870,  To Die For  Acoustic     로제  ROSÉ   
871,  Rosario  Feat. CL  ZICO     Sam Smith  
872,  rainy day    에픽하이  EPIK HIGH   
873,  LMM    휘성  Realslow   
874,  사랑 못해  남들 쉽게 다 하는 거    태일  블락비   
875,  멜로디    청하  
876,  사랑한단 거짓말은 안 할래    화사  Hwa Sa   
877,  함께 했는데 이별은 나 혼자인 거야    먼데이 키즈  Monday Kiz   
878,  X  걸어온 길에 꽃밭 따윈 없었죠     ASH ISLAND  
879,  그리워하면 그댈 만날까봐    먼데이 키즈  Monday Kiz   
880,  오월의 어느 봄날  Feat. 첸 CHEN      최현준  V.O.S   
881,  혼술하고 싶은 밤    이소정  
882,  가을밤에 든 생각    청하  
883,  사실 나는  Feat.전건호     김나영  
884,  널 사랑했던 한 사람    임한별  
885,  안녕과 안녕으로    벤  
886,  Daybreak  Minhyun&JR     잔나비  
887,  사랑은 지날수록 더욱 선명하게 남아    경서예지  
888,  처음이라서    펀치  Punch   
889,  Purpose  Stripped     이예준  
890,  안녕  오늘의 그대에게    뉴이스트  
891,  Like Strangers Do    전상근  
892,  반만    정효빈  
893,  어떻게 지내  Prod. By VAN.C     Etham  
894,  AND I    임한별  
895,  아름답고도 아프구나    AJ Mitchell  
896,  Lonely Night    진민호  
897,  I’ll Still Have Me    오반  
898,  아무렇지 않게  안녕    뉴이스트 W  
899,  넌 내가 보고 싶지 않나 봐    비투비  
900,  사랑은 늘 도망가    임영웅  
901,  코 끝이 찡하게    차가을  
902,  혼자 사랑하고 미워해    백예슬  
903,  비 오는 날 듣기 좋은 노래  Feat. Colde     에픽하이  EPIK HIGH   
904,  Your Lights    이수  엠씨더맥스   
905,  너와 나 우리  Feat. ZELO of B.A.P     이예준  
906,  별이 쏟아지는 밤    려욱  RYEOWOOK   
907,  헤픈 우연    헤이즈  Heize   
908,  Falling    Harry Styles  
909,  High    5 Seconds of Summer  
910,  If the World Was Ending  feat. Julia Michaels   Feat. Julia Michaels     JP Saxe  
911,  그냥 안아달란 말야    다비치  
912,  2 soon    keshi  
913,  r u ok    Tate McRae  
914,  cheap sunglasses    John K  
915,  Rain    태연  TAEYEON   
916,  어떻게 이별까지 사랑하겠어  널 사랑하는 거지    AKMU  악뮤   
917,  기다릴게    하동균  
918,  사랑하기 싫어    봉구  
919,  Gone    영지  
920,  To Die For  Acoustic     로제  ROSÉ   
921,  Rosario  Feat. CL  ZICO     Sam Smith  
922,  rainy day    에픽하이  EPIK HIGH   
923,  LMM    휘성  Realslow   
924,  사랑 못해  남들 쉽게 다 하는 거    태일  블락비   
925,  멜로디    청하  
926,  사랑한단 거짓말은 안 할래    화사  Hwa Sa   
927,  함께 했는데 이별은 나 혼자인 거야    먼데이 키즈  Monday Kiz   
928,  X  걸어온 길에 꽃밭 따윈 없었죠     ASH ISLAND  
929,  그리워하면 그댈 만날까봐    먼데이 키즈  Monday Kiz   
930,  오월의 어느 봄날  Feat. 첸 CHEN      최현준  V.O.S   
931,  혼술하고 싶은 밤    이소정  
932,  가을밤에 든 생각    청하  
933,  사실 나는  Feat.전건호     김나영  
934,  널 사랑했던 한 사람    임한별  
935,  안녕과 안녕으로    벤  
936,  Daybreak  Minhyun&JR     잔나비  
937,  사랑은 지날수록 더욱 선명하게 남아    경서예지  
938,  처음이라서    펀치  Punch   
939,  Purpose  Stripped     이예준  
940,  안녕  오늘의 그대에게    뉴이스트  
941,  Like Strangers Do    전상근  
942,  반만    정효빈  
943,  어떻게 지내  Prod. By VAN.C     Etham  
944,  AND I    임한별  
945,  아름답고도 아프구나    AJ Mitchell  
946,  Lonely Night    진민호  
947,  I’ll Still Have Me    오반  
948,  아무렇지 않게  안녕    뉴이스트 W  
949,  넌 내가 보고 싶지 않나 봐    비투비  
950,  사랑은 늘 도망가    임영웅  
951,  코 끝이 찡하게    차가을  
952,  혼자 사랑하고 미워해    백예슬  
953,  비 오는 날 듣기 좋은 노래  Feat. Colde     에픽하이  EPIK HIGH   
954,  Your Lights    이수  엠씨더맥스   
955,  너와 나 우리  Feat. ZELO of B.A.P     이예준  
956,  별이 쏟아지는 밤    려욱  RYEOWOOK   
957,  헤픈 우연    헤이즈  Heize   
958,  Falling    Harry Styles  
959,  High    5 Seconds of Summer  
960,  If the World Was Ending  feat. Julia Michaels   Feat. Julia Michaels     JP Saxe  
961,  그냥 안아달란 말야    다비치  
962,  2 soon    keshi  
963,  r u ok    Tate McRae  
964,  cheap sunglasses    John K  
965,  Rain    태연  TAEYEON   
966,  어떻게 이별까지 사랑하겠어  널 사랑하는 거지    AKMU  악뮤   
967,  기다릴게    하동균  
968,  사랑하기 싫어    봉구  
969,  Gone    영지  
970,  To Die For  Acoustic     로제  ROSÉ   
971,  Rosario  Feat. CL  ZICO     Sam Smith  
972,  rainy day    에픽하이  EPIK HIGH   
973,  LMM    휘성  Realslow   
974,  사랑 못해  남들 쉽게 다 하는 거    태일  블락비   
975,  멜로디    청하  
976,  사랑한단 거짓말은 안 할래    화사  Hwa Sa   
977,  함께 했는데 이별은 나 혼자인 거야    먼데이 키즈  Monday Kiz   
978,  X  걸어온 길에 꽃밭 따윈 없었죠     ASH ISLAND  
979,  그리워하면 그댈 만날까봐    먼데이 키즈  Monday Kiz   
980,  오월의 어느 봄날  Feat. 첸 CHEN      최현준  V.O.S   
981,  혼술하고 싶은 밤    이소정  
982,  가을밤에 든 생각    청하  
983,  사실 나는  Feat.전건호     김나영  
984,  널 사랑했던 한 사람    임한별  
985,  안녕과 안녕으로    벤  
986,  Daybreak  Minhyun&JR     잔나비  
987,  사랑은 지날수록 더욱 선명하게 남아    경서예지  
988,  처음이라서    펀치  Punch   
989,  Purpose  Stripped     이예준  
990,  안녕  오늘의 그대에게    뉴이스트  
991,  Like Strangers Do    전상근  
992,  반만    정효빈  
993,  어떻게 지내  Prod. By VAN.C     Etham  
994,  AND I    임한별  
995,  아름답고도 아프구나    AJ Mitchell  
996,  Lonely Night    진민호  
997,  I’ll Still Have Me    오반  
998,  아무렇지 않게  안녕    뉴이스트 W  
999,  넌 내가 보고 싶지 않나 봐    비투비  
